GEBOMSCH;loccod;locomsch;X_WGS;Y_WGS;X_RD;Y_RD;Delwaq_ED;NZBGEM
Eems-Dollard;BOCHTVWTDVVA;Bocht van Watum dijkvoet VKA;6.877378;53.411058;254050;603650;;
Eems-Dollard;BOCHTVWTM;Bocht van Watum;6.944606;53.33606;258700;595400;Bocht_van_Watum;
Eems-Dollard;BOCHTVWTMDOT;Bocht van Watum midden oost;6.912004;53.350408;256495;596950;Bocht_Watum_mid_oost;
Eems-Dollard;BOCHTVWTMDWT;Bocht van Watum midden west;6.904676;53.374768;255950;599650;Bocht_Watum_mid_west;
Eems-Dollard;BOCHTVWTND;Bocht van Watum noord;6.89494;53.405717;255230;603080;Bocht_van_Watum_noor;
Eems-Dollard;BOCHTVWTOT;Bocht van Watum oost;6.940266;53.34061;258400;595900;;
Eems-Dollard;BOCHTVWTZD;Bocht van Watum zuid;6.959005;53.331487;259670;594912;Bocht_van_Watum_zuid;
Eems-Dollard;BORKKDZD;Borkum kwelder zuid;6.749346;53.580988;245180;622390;;
Eems-Dollard;DAM88;Dam 88;6.752497;53.466776;245630;609685;;
Eems-Dollard;DELFZBSD;Delfzijl badstrand;6.928602;53.337794;257630;595570;;
Eems-Dollard;DELFZBTHVN;Delfzijl buitenhaven;6.964743;53.322136;260075;593880;Delfzijl_buitenhaven;
Eems-Dollard;DELFZDSDP;Delfzijl, Damsterdiep;6.923314;53.328469;257300;594525;;
Eems-Dollard;DELFZL;Delfzijl;6.933787;53.327481;258000;594430;;
Eems-Dollard;DELFZZHVKNL;Delfzijl zeehavenkanaal;6.954489;53.323313;259389;593996;;
Eems-Dollard;DOEKGT;Doekegat;6.848389;53.467584;251995;609900;Doekegat;
Eems-Dollard;DOLLGTGT;Dollard Grote Gat;7.145544;53.310828;272150;592901;;
Eems-Dollard;DOLLHZD;Dollard Hoogzand;7.221974;53.305776;277257;592466;;
Eems-Dollard;DOLLMND;Dollardmond noord;7.065791;53.321945;266807;594011;;
Eems-Dollard;DOLLWT;Dollard west;7.121037;53.280229;270599;589457;;
Eems-Dollard;EEMSCTLE;Eemscentrale;6.884481;53.444403;254445;607370;Eemscentrale;
Eems-Dollard;EEMSHVDKGT;Eemshaven Doekegat;6.860176;53.456431;252803;608675;;
Eems-Dollard;EEMSHVN;Eemshaven;6.829041;53.449842;250750;607900;;
Eems-Dollard;EEMSPGM;Eems Pogum;7.254712;53.322611;279390;594395;Mouth1_Eems;
Eems-Dollard;EMDVWTR;Emden vaarwater;7.109409;53.331952;269686;595193;Emden_vaarwater;
Eems-Dollard;EMSHPTE;Emshornplate;6.94227;53.460567;258245;609250;Emshornplate;
Eems-Dollard;GAATJBND;Gaatje Bocht noord;7.023625;53.329079;263980;594740;Gaatje_Bocht_noord;
Eems-Dollard;GAATJBNWT;Gaatje Bocht noordwest;7.015621;53.323857;263460;594147;Gaatje_Bocht_noordwe;
Eems-Dollard;GAATJBWT;Gaatje Bocht west;7.016168;53.320462;263505;593770;Gaatje_Bocht_west;
Eems-Dollard;GEISDM;Geisedam;7.129898;53.321779;271078;594094;;
Eems-Dollard;GROOTGND;Groote Gat noord;7.157358;53.305415;272952;592318;Groote_Gat_noord;
Eems-Dollard;GROOTGZD;Groote Gat zuid;7.164339;53.278904;273490;589380;Groote_Gat_zuid;
Eems-Dollard;HERPNOT;Heringsplaat noordoost;7.158048;53.301018;273010;591830;;
Eems-Dollard;HONDND;Hond noord;6.921684;53.407482;257004;603314;;
Eems-Dollard;HOOGZWT;Hoogzand west;7.186001;53.307848;274854;592636;;
Eems-Dollard;HORSBGT;Horsborngat;6.613881;53.566444;236237;620610;;
Eems-Dollard;HUIBGNOT;Huibertgat noordoost;6.67998;53.563266;240622;620333;Huibertgat_noordoost;
Eems-Dollard;HUIBGOT;Huibertgat oost;6.661823;53.560286;239425;619980;Huibertgat_oost;
Eems-Dollard;MONDVDDLD;Mond van de Dollard;7.082224;53.313041;267925;593046;Mond_van_de_Dollard;
Eems-Dollard;MONDVDDLMDN;Mond van de Dollard midden;7.075562;53.315382;267475;593296;Mond_van_de_Dollard_;
Eems-Dollard;MONDVDDLND;Mond van de Dollard noord;7.083168;53.317971;267975;593596;;
Eems-Dollard;NIEUWSTZBTN;Nieuwe Statenzijl buiten;7.176125;53.255368;274341;586781;Nieuwe_Statenzijl_bu;
Eems-Dollard;NIEUWSTZL;Nieuwe Statenzijl;7.208129;53.232677;276540;584310;;
Eems-Dollard;OOSTFSGJE;Oostfriese Gaatje;6.958989;53.376317;259560;599900;Oostfriese_Gaatje;
Eems-Dollard;OOSTFSGJMDN;Oostfriese Gaatje midden;6.990685;53.391987;261630;601690;Oostfriese_Gaatje_mi;
Eems-Dollard;OOSTFSGJND;Oostfriese Gaatje noord;6.917349;53.435272;256650;606400;Oostfriese_Gaatje_no;
Eems-Dollard;OOSTFSPZWT;Oost Friesche Plaat zuidwest;7.174509;53.249271;274250;586100;;
Eems-Dollard;OOSTHD;Oosterhoofd;7.015315;53.317732;263455;593465;Oosterhoofd;
Eems-Dollard;OTDM;Oterdum;7.019924;53.313805;263772;593035;;
Eems-Dollard;OUDWTEND;Oude Westereems noord;6.663532;53.529534;239599;616560;Oude_Westereems_noor;
Eems-Dollard;OUDWTES;Oude Westereems;6.697855;53.497308;241940;613015;Oude_Westereems;
Eems-Dollard;PAAP;Paap;6.945188;53.350073;258705;596960;Paap;
Eems-Dollard;RANSGT;Ranselgat;6.724457;53.528758;243640;616547;Ranselgat;
Eems-Dollard;RANSGZD;Ranselgat zuid;6.810939;53.495083;249448;612910;Ranselgat_zuid;
Eems-Dollard;REIDE;Reide;7.097114;53.310439;268924;592780;;
Eems-Dollard;REIDPND;Reiderplaat noord;7.097244;53.303876;268950;592050;;
Eems-Dollard;ROBBPT;Robbenplaat;6.893856;53.436602;255086;606515;Robbenplaat;
Eems-Dollard;SCHANSKDP;Schanskerdiep;7.166077;53.260668;273656;587354;;
Eems-Dollard;TERMTN;Termunten;7.057459;53.30138;266305;591710;;
Eems-Dollard;TERMTZBSD;Termunterzijl badstrand;7.029864;53.303692;264460;591925;;
Eems-Dollard;TERMTZL;Termunterzijl;7.037389;53.304263;264960;592000;;
Eems-Dollard;UITHZWEHVWT;Uithuizer Wad Eemshaven west;6.8051;53.463427;249130;609380;;
Eems-Dollard;WESTHD;Westerhoofd;6.995607;53.32135;262133;593838;Westerhoofd;
Eems-Dollard;ZEEHVKNMDG;Zeehavenkanaal monding;7.006909;53.319733;262890;593675;Zeehavenkanaal_mondi;
Eems-Dollard  (Duitsland);BLINDRZGZOT;Blindes Randzelgat zuidoost;6.855819;53.550444;252300;619130;;
Eems-Dollard  (Duitsland);BORKFSBJE;Borkum Fischerbalje;6.74559;53.548319;245000;618750;;
Eems-Dollard  (Duitsland);EMDN;Emden;7.189345;53.346214;274970;596910;;
Eems-Dollard  (Duitsland);EMSHN;Emshorn;6.8416;53.493495;251486;612774;;
Noordzee  (internationaal);LOSWNDN12;Loswal Noord, vak N12;4.071642;52.001705;64646;446636;;
Noordzee  (internationaal);LOSWNDN14;Loswal Noord, vak N14;4.114555;52.024203;67636;449086;;
Noordzee  (internationaal);LOSWNDN2;Loswal Noord, vak N2;4.089119;52.077182;65996;455010;;
Noordzee  (internationaal);LOSWNDN4;Loswal Noord, vak N4;4.041431;52.035679;62642;450453;;
Noordzee  (internationaal);LOSWNDN6;Loswal Noord, vak N6;4.089414;52.060455;65983;453149;;
Noordzee  (internationaal);LOSWNDN9;Loswal Noord, vak N9;4.131309;52.086207;68905;455963;;
Noordzee  (internationaal);LOSWNWTLN1;Loswal Noordwest, vak LN1;4.079336;52.147215;65466;462812;;
Noordzee  (internationaal);LOSWNWTLN2;Loswal Noordwest, vak LN2;4.080326;52.136887;65513;461662;;
Noordzee  (internationaal);LOSWNWTLN3;Loswal Noordwest, vak LN3;4.096916;52.140657;66656;462061;;
Noordzee  (internationaal);LOSWNWTLN4;Loswal Noordwest, vak LN4;4.114126;52.147389;67847;462789;;
Noordzee  (internationaal);LOSWNWTLN5;Loswal Noordwest, vak LN5;4.114757;52.137057;67870;461639;;
Schelde (Belgie);ANTWPBNPTDK;Antwerpen, Bonapartedok;4.400191;51.229227;86037;360353;;
Schelde (Belgie);ANTWPPPPDR;Antwerpen Prosperpolder;4.247907;51.342973;75600;373160;;
Schelde (Belgie);BOUDWSILP;Boudewijnsluis inloop;4.326901;51.279347;81000;366000;;
Schelde (Belgie);DOELKCTLS;Doel kerncentrales;4.270019;51.319272;77100;370500;;
Schelde (Belgie);DREMPKKLN;Drempel Krankeloon;4.313181;51.253149;80000;363100;;
Schelde (Belgie);DREMPLLO;Drempel Lillo;4.302174;51.294403;79300;367700;;
Schelde (Belgie);DREMPPRL;Drempel Parel;4.312053;51.27067;79950;365050;;
Schelde (Belgie);DREMPZVT;Drempel Zandvliet;4.247035;51.349168;75550;373850;;
Schelde (Belgie);FORTFLSR;Fort Filip schor;4.320311;51.254563;80500;363250;;
Schelde (Belgie);FORTLKHK;Fort Liefkenshoek;4.286029;51.297344;78179;368044;;
Schelde (Belgie);GALGSND;Galgeschoor noord;4.279777;51.331053;77800;371800;;
Schelde (Belgie);GALGSZD;Galgeschoor zuid;4.284689;51.305926;78100;369000;;
Schelde (Belgie);GROOTBTSR;Groot Buitenschoor;4.246014;51.361295;75500;375200;;
Schelde (Belgie);HINGNE;Hingene;4.259273;51.115083;76000;347800;;
Schelde (Belgie);KALLSILP;Kallosluis inloop;4.295094;51.260623;78750;363950;;
Schelde (Belgie);KALLSSDE;Kallosluis schelde;4.298871;51.268704;79027;364845;;
Schelde (Belgie);KENNDTNL;Kennedytunnel;4.370082;51.206911;83900;357900;;
Schelde (Belgie);KETNPDR;Ketenispolder;4.316047;51.283743;80250;366500;;
Schelde (Belgie);KRUIBKE;Kruibeke;4.329684;51.1589;81000;352600;;
Schelde (Belgie);MARKKE;Mariekerke;4.197209;51.057148;71550;341425;;
Schelde (Belgie);MOERZKE;Moerzeke;4.16244;51.050267;69100;340700;;
Schelde (Belgie);MONDDME;Monding Durme;4.179611;51.102593;70400;346500;;
Schelde (Belgie);MONDRPL;Monding Rupel;4.314537;51.118754;79875;348150;;
Schelde (Belgie);PROSPPDR;Prosperpolder;4.266221;51.340933;76872;372913;;
Schelde (Belgie);SCHAARVODDL;Schaar van Ouden Doel;4.250933;51.351184;75825;374070;;
Schelde (Belgie);SCHELLRPMDE;Schelle Rupelmonde;4.327551;51.127414;80800;349100;;
Schelde (Belgie);TEMSSWF;Temse scheepswerf;4.212816;51.11642;72750;348000;;
Schelde (Belgie);VLASSBK;Vlassenbroek;4.134877;51.040982;67150;339700;;
Schelde (Belgie);ZANDVSILP;Zandvlietsluis inloop;4.275145;51.344495;77500;373300;;
Waddenzee oost;BOSCHNOT;Boschnaad oost;6.523829;53.499119;230390;613020;;
Waddenzee oost;BOSCHWD;Boschwad;6.511576;53.487039;229598;611663;;
Waddenzee oost;EILDBG;Eilanderbalg;6.335825;53.475852;217950;610250;;
Waddenzee oost;ENGMPND;Engelsmanplaat noord;6.055358;53.464531;199342;608781;;
Waddenzee oost;ENGMPT;Engelsmanplaat;6.066412;53.455061;200086;607734;;
Waddenzee oost;GRONGWD;Groningerwad;6.406806;53.451908;222700;607650;;
Waddenzee oost;GRONGWWFMLZD;Groninger Wad Warffumerlaag zuid;6.529153;53.438678;230850;606300;;
Waddenzee oost;HORSBZD;Horsbornzand;6.662975;53.525002;239571;616055;;
Waddenzee oost;JULANPDR;Julianapolder;6.350177;53.410586;219000;603000;;
Waddenzee oost;LAUWOG;Lauwersoog;6.197505;53.409823;208850;602790;;
Waddenzee oost;LAUWOODVT;Lauwersoog-oost dijkvoet;6.262282;53.415031;213150;603420;unknown;
Waddenzee oost;LAUWOSSBTN;Lauwersoog spuisluis buiten;6.190773;53.411755;208400;603000;unknown;
Waddenzee oost;LAUWS;Lauwers;6.417689;53.532108;223295;616585;unknown;
Waddenzee oost;LAUWZD;Lauwers zuid;6.453356;53.50767;225700;613900;unknown;
Waddenzee oost;LUTJWD;Lutjewad;6.312552;53.433212;216466;605485;unknown;
Waddenzee oost;NOORDPDZL;Noordpolderzijl;6.582905;53.434023;234430;605840;unknown;
Waddenzee oost;NOORDWL;Noordwal;6.519918;53.459435;230200;608600;unknown;
Waddenzee oost;RA;Ra;6.664341;53.480279;239750;611080;Ra;
Waddenzee oost;ROBBGT;Robbengat;6.486229;53.455721;227969;608152;;
Waddenzee oost;ROTTMOZOT;Rottumeroog zuidoost;6.60649;53.538571;235800;617500;;
Waddenzee oost;ROTTMPKDZD;Rottumerplaat kwelder zuid;6.510049;53.525983;229429;615995;;
Waddenzee oost;SCHIERMNOBSD;Schiermonnikoog badstrand;6.190956;53.501976;208300;613040;;
Waddenzee oost;SCHIERMNOG;Schiermonnikoog;6.203462;53.470081;209170;609500;;
Waddenzee oost;SCHIERMNOWT;Schiermonnikoog west;6.098432;53.467628;202199;609153;;
Waddenzee oost;SCHILDMDN;Schild midden;6.466515;53.552548;226498;618907;;
Waddenzee oost;SCHILDND;Schild noord;6.551655;53.541431;232160;617758;;
Waddenzee oost;SIEGWL;Siege Wal (Schiermonnikoog);6.173496;53.467907;207183;609236;;
Waddenzee oost;SMERGT;Smeriggat;6.022439;53.431874;197188;605127;;
Waddenzee oost;SPRUIT;Spruit;6.439902;53.512282;224800;614400;;
Waddenzee oost;UITHZWD;Uithuizerwad;6.673195;53.489153;240320;612078;;
Waddenzee oost;ZOUTKPLG;Zoutkamperlaag;6.133194;53.430547;204550;605050;WZ480_Zoutkamperlaag;
Waddenzee oost;ZOUTKPLPT;Zoutkamperlaag plaat;6.132278;53.421117;204500;604000;;
Waddenzee oost;ZOUTKPLZGT;Zoutkamperlaag zeegat;6.079762;53.476246;200950;610100;;
Waddenzee oost;ZUIDOLWNOT;Zuid Oost Lauwers noordoost;6.452775;53.484311;225700;611300;;
Waddenzee oost;ZUIDOLWNWT;Zuid Oost Lauwers noordwest;6.436492;53.496136;224600;612600;;
Waddenzee oost;ZUIDOLWOT;Zuid Oost Lauwers oost;6.514091;53.450287;229829;607576;WZ590_ZO_Lauwers_oos;
Waddenzee oost;ZUIDOLWZOT;Zuid Oost Lauwers zuidoost;6.507935;53.452627;229416;607830;;
Waddenzee west;AMSDP;Amsteldiep;4.911685;52.930449;123000;549250;;
Waddenzee west;BALGZD;Balgzand;4.866985;52.937003;120000;550000;;
Waddenzee west;BALGZWWZD;Balgzand Westwal zuid;4.908382;52.892598;122750;545040;;
Waddenzee west;BALLMBT;Ballumerbocht;5.718711;53.437342;177000;605600;;
Waddenzee west;BLAUWSOT;Blauwe Slenk oost;5.278322;53.225672;147700;582000;;
Waddenzee west;BLAUWSWT;Blauwe Slenk west;5.202223;53.231689;142620;582680;;
Waddenzee west;BOONTOOVR;Boontjes Oostoever;5.404072;53.122373;156100;570500;;
Waddenzee west;BOONTS;Boontjes;5.337634;53.085967;151650;566450;;
Waddenzee west;BORNDP;Borndiep;5.602098;53.440302;169250;605900;;
Waddenzee west;BORNDZWT;Borndiep zuidwest (Terschelling);5.62689;53.433066;170900;605100;;
Waddenzee west;BOSCHGT;Boschgat;5.552213;53.421959;165940;603850;;
Waddenzee west;BOSCHGWT;Boschgat west;5.504177;53.404492;162750;601900;;
Waddenzee west;BREEHN;Breehorn;4.967995;52.95223;126800;551650;;
Waddenzee west;BREEZDBTN;Breezanddijk buiten;5.205652;53.021761;142790;559320;;
Waddenzee west;BREEZDK;Breezanddijk;5.160593;53.010782;139763;558107;;
Waddenzee west;BREEZDNDHVN;Breezanddijk Noorderhaven;5.204312;53.021579;142700;559300;;
Waddenzee west;DANTZGKDBTN;Dantziggat kwelder buiten;5.800747;53.361156;182500;597150;;
Waddenzee west;DANTZGND;Dantziggat noord;5.721459;53.403637;177200;601850;;
Waddenzee west;DANTZGT;Dantziggat;5.727463;53.402272;177600;601700;;
Waddenzee west;DANTZGZD;Dantziggat zuid;5.718637;53.400391;177014;601488;;
Waddenzee west;DENHDR;Den Helder;4.745326;52.965441;111850;553230;;
Waddenzee west;DENHDVSGR;Den Helder, veersteiger;4.778388;52.964356;114070;553090;;
Waddenzee west;DENOVBTHVMD;Den Oever Buitenhavenmond;5.039519;52.940327;131600;550300;;
Waddenzee west;DENOVBTHVN;Den Oever Buitenhaven;5.039541;52.937631;131600;550000;;
Waddenzee west;DENOVBTN;Den Oever buiten;5.045977;52.932616;132030;549440;;
Waddenzee west;DENOVNDHVN;Den Oever Noorderhaven;5.036573;52.936723;131400;549900;;
Waddenzee west;DENOVSSBTN;Den Oever spuisluis buiten;5.046818;52.939225;132090;550175;;
Waddenzee west;DENOVSSZ;Den Oever spuisluizen;5.028779;52.94389;130880;550700;;
Waddenzee west;DENOVTGGND;Den Oever toegangsgeul noord;5.035013;52.945706;131300;550900;;
Waddenzee west;DENOVVHVN;Den Oever Voorhaven;5.044032;52.934049;131900;549600;;
Waddenzee west;DENOVVSHVN;Den Oever Vissershaven;5.032839;52.93851;131150;550100;;
Waddenzee west;DOOVBG;Doove Balg;5.033388;53.053998;131250;562950;;
Waddenzee west;DOOVBOT;Doove Balg oost;5.287631;53.085486;148300;566400;;
Waddenzee west;DOOVBWT;Doove Balg west;5.032643;53.053996;131200;562950;;
Waddenzee west;GRIENDKDR;Griend kwelder;5.247536;53.252599;145650;585000;;
Waddenzee west;HARLGHVMWT;Harlingen havenmond west;5.397362;53.178092;155650;576700;;
Waddenzee west;HARLGHVZT;Harlingen haven zout;5.417559;53.182582;157000;577200;;
Waddenzee west;HARLGN;Harlingen;5.409777;53.176742;156480;576550;;
Waddenzee west;HARLGSBSD;Harlingen surf/badstrand;5.416053;53.167979;156900;575575;;
Waddenzee west;HARLGVGL;Harlingen vaargeul;5.329277;53.195602;151100;578650;;
Waddenzee west;HOLLBSD;Hollum badstrand;5.615364;53.450216;170128;607006;;
Waddenzee west;HOLWD;Holwerd;5.877087;53.403105;187550;601850;;
Waddenzee west;HOLWDBG;Holwerderbalg;5.960378;53.447219;193050;606800;;
Waddenzee west;INST;Inschot;5.185769;53.163094;141500;575050;;
Waddenzee west;KIKKGT;Kikkertgat;5.846464;53.400988;185515;601601;;
Waddenzee west;KIMSGOT;Kimstergat oost;5.467829;53.265685;160350;586450;;
Waddenzee west;KIMSGWT;Kimstergat west;5.450589;53.263898;159200;586250;;
Waddenzee west;KOFFBNPT;Koffiebonenplaat;5.547781;53.427617;165644;604479;;
Waddenzee west;KORNWDZBTN;Kornwerderzand buiten;5.337055;53.070958;151610;564780;;
Waddenzee west;KORNWDZBTSKM;Kornwerderzand buitenspuikom;5.33466;53.076529;151450;565400;;
Waddenzee west;KORNWDZD;Kornwerderzand;5.332334;53.087177;151295;566585;;
Waddenzee west;KORNWDZTGGL;Kornwerderzand toegangsgeul;5.334656;53.080124;151450;565800;;
Waddenzee west;KORNWDZTGGND;Kornwerderzand toegangsgeul noord;5.335401;53.081023;151500;565900;;
Waddenzee west;KORNWDZVHVN;Kornwerderzand Voorhaven;5.336157;53.072935;151550;565000;;
Waddenzee west;LANGZD;Lange Zand;5.222236;53.207185;143950;579950;;
Waddenzee west;MALZMRNHVN;Malzwin marinehaven;4.790673;52.969451;114900;553650;;
Waddenzee west;MALZN;Malzwin;4.901305;52.994218;122350;556350;;
Waddenzee west;MALZZWL;Malzwin Zuidwal;4.911076;52.986169;123000;555450;;
Waddenzee west;MARSDND;Marsdiep noord;4.75027;52.983622;112200;555250;;
Waddenzee west;MARSDP;Marsdiep;4.749657;52.974632;112150;554250;;
Waddenzee west;MOLGT;Molengat;5.727368;53.428332;177580;604600;;
Waddenzee west;NES;Nes;5.760944;53.431108;179810;604920;;
Waddenzee west;NESBSD;Nes badstrand;5.778228;53.461965;180940;608360;;
Waddenzee west;NIEUWBT;Nieuwe Bildt;5.626363;53.311215;170910;591540;;
Waddenzee west;NOORDBGN;Noorder Balgen;5.380879;53.359169;154550;596850;;
Waddenzee west;NOORDMOT;Noord Meep oost;5.33434;53.33759;151450;594450;;
Waddenzee west;OMDI;Omdraai;5.189893;53.104812;141758;568564;;
Waddenzee west;OOSTMOT;Oost Meep oost;5.447334;53.294453;158980;589650;;
Waddenzee west;OOSTMP;Oost Meep;5.411197;53.312438;156570;591650;;
Waddenzee west;OOSTMWT;Oost Meep west;5.359121;53.324119;153100;592950;;
Waddenzee west;OOSTOM;Oosterom;5.339425;53.368469;151791;597886;;
Waddenzee west;OOSTOVR;Oostoever;4.792629;52.935218;115000;549840;;
Waddenzee west;OOSTROT;Oosterom oost;5.45151;53.379371;159250;599100;;
Waddenzee west;OUDSD;Oude Schild;4.850543;53.039926;118980;561460;;
Waddenzee west;POLLDM;Pollendam;5.340278;53.193684;151835;578436;;
Waddenzee west;POSTHWD;Posthuiswad;4.979215;53.26322;127750;586250;;
Waddenzee west;RICL;Richel;5.126609;53.302721;137600;590600;;
Waddenzee west;ROPTZL;Roptazijl;5.437339;53.211243;158320;580390;;
Waddenzee west;SCHORE;Schore;4.944866;52.958438;125250;552350;;
Waddenzee west;SCHUITGT;Schuitengat;5.219413;53.355726;143800;596480;;
Waddenzee west;SLENKZD;Slenk zuid;5.259779;53.322922;146481;592824;;
Waddenzee west;TERSLHVN;Terschelling haven;5.218649;53.35905;143750;596850;;
Waddenzee west;TERSLKDVSP;Terschelling kwelder van Striep (Seeryp);5.310243;53.378869;149850;599045;;
Waddenzee west;TERSLPL8;Terschelling Paal 8;5.252298;53.40627;146000;602100;;
Waddenzee west;TEXHS;Texelhors;4.735972;53.003677;111260;557490;;
Waddenzee west;TEXSM;Texelstroom;4.824996;53.020666;117250;559330;;
Waddenzee west;VINGGT;Vingegat;5.505813;53.293637;162879;589564;;
Waddenzee west;VLAKTVKKSRND;Vlakte van Kerken Schorren noord;4.905008;53.130389;122700;571500;;
Waddenzee west;VLAKTVOTBRM;Vlakte van Oosterbierum;5.555251;53.27503;166180;587500;;
Waddenzee west;VLIELBSD;Vlieland badstrand;5.052173;53.306131;132640;591000;;
Waddenzee west;VLIELHVN;Vlieland haven;5.091842;53.297249;135280;590000;;
Waddenzee west;VLIESM;Vliestroom;5.160301;53.314472;139850;591900;;
Waddenzee west;VLIESZD;Vliestroom zuid;5.172411;53.263272;140640;586200;;
Waddenzee west;VRIJHPT;Vrijheidsplaat;5.667741;53.41196;173624;602761;;
Waddenzee west;WESTMP;West Meep;5.22942;53.289421;144450;589100;;
Waddenzee west;WESTMWT;West Meep west;5.184426;53.289803;141450;589150;;
Waddenzee west;WESTTSLG;West-Terschelling;5.220431;53.364175;143870;597420;;
Waddenzee west;WIERBND;Wierbalg noord;4.949128;52.978675;125550;554600;;
Waddenzee west;WOLFSHK;Wolfshoek;5.155407;53.247963;139500;584500;;
Waddenzee west;ZUIDORK;Zuidoostrak;5.244972;53.12139;145450;570400;;
Waddenzee west;ZUIDORZD;Zuidoostrak zuid;5.272645;53.10794;147300;568900;;
Waddenzee west;ZUIDST;Zuiderspruit;5.832825;53.422659;184593;604007;;
Waddenzee west;ZWARTHN;Zwarte Haan;5.620275;53.322999;170500;592850;;
Wantij;DORDDWTILT;Dordrecht drinkwaterinlaat;4.71995;51.809524;108960;424650;;
Wantij;DORDWTIJ;Dordrecht, Wantij;4.713219;51.813531;108500;425100;;
Westerschelde;BAALHK;Baalhoek;4.102832;51.366979;65541;375998;;
Westerschelde;BAALHKPDR;Baalhoek, Kruispolder;4.063949;51.360142;62820;375286;;
Westerschelde;BAARLBKDHVTE;Baarland, Bakendorp haventje;3.907044;51.406931;52000;380700;;
Westerschelde;BAARLBSD;Baarland badstrand;3.898309;51.395311;51366;379420;;
Westerschelde;BAARLD;Baarland (strand thv camping);3.895959;51.394202;51200;379300;;
Westerschelde;BAARLDPL;Baarland drempel;3.900943;51.373586;51500;377000;;
Westerschelde;BAARLSR;Baarland, schor;3.875161;51.398591;49763;379818;;
Westerschelde;BAARLUEFBK;Baarland, uienfabriek;3.901592;51.405261;51617;380522;;
Westerschelde;BAARLZPDR;Baarland, Zuidpolder;3.868599;51.402291;49315;380239;;
Westerschelde;BANKJVZTLDE;Bankje van Zoutelande;3.481661;51.488872;22650;390500;;
Westerschelde;BATH;Bath;4.210261;51.400048;73080;379550;;
Westerschelde;BATH02;Bath, punt 02;4.210348;51.400583;73087;379609;;
Westerschelde;BATHAPZSR;Bath, Appelzak schor;4.244854;51.378941;75450;377164;;
Westerschelde;BATHBI68;Bath boei 68;4.207183;51.391251;72850;378575;;
Westerschelde;BATHBI71;Bath boei 71;4.165687;51.384575;69950;377880;;
Westerschelde;BATHBSD;Bath badstrand;4.211093;51.401225;73140;379680;;
Westerschelde;BATHGS;Bath, grens;4.234969;51.392608;74786;378695;;
Westerschelde;BATHKK;Bath, kreek;4.205896;51.406522;72788;380275;;
Westerschelde;BATHSKNL;Bath, Spuikanaal;4.231132;51.396589;74526;379142;;
Westerschelde;BATHSWT;Bath schor west;4.184577;51.403832;71300;380000;;
Westerschelde;BATHVMLSR;Bath, voormalig schor;4.227088;51.405845;74261;380176;;
Westerschelde;BIERVPLNSR;Biervliet, Paulinaschor;3.716833;51.351122;38627;374779;;
Westerschelde;BIEZLSHM;Biezelingsche Ham;3.928081;51.445857;53550;385000;;
Westerschelde;BORSLDPL;Borssele drempel;3.706107;51.397912;38000;380000;;
Westerschelde;BORSSLBSD;Borssele badstrand;3.715347;51.428166;38720;383350;;
Westerschelde;BORSSLE;Borssele;3.735645;51.411821;40090;381500;;
Westerschelde;BORSSLILEPZK;Borssele (koelwater) inlaat EPZ kerncent;3.715877;51.425476;38750;383050;;
Westerschelde;BORSSLKCTLE;Borssele, kerncentrale;3.714718;51.430809;38683;383645;;
Westerschelde;BORSSLKLT;Borssele, Kaloot;3.704757;51.436843;38006;384332;;
Westerschelde;BORSSLLXBWG;Borssele, Luxemburgweg;3.736518;51.451233;40250;385882;;
Westerschelde;BORSSLNNL;Borssele noordnol;3.707213;51.42643;38150;383170;;
Westerschelde;BORSSLPDR;Borssele polder;3.761656;51.412187;41900;381500;;
Westerschelde;BORSSLQLHVN;Borssele, Quarleshaven;3.70827;51.462537;38316;387184;;
Westerschelde;BORSSLSSNL;Borssele, Staartsche Nol;3.764944;51.411495;42127;381418;;
Westerschelde;BORSSLTTL;Borssele, Total;3.729467;51.440542;39733;384704;;
Westerschelde;BORSSLULEPZK;Borssele (koelwater) uitlaat EPZ kerncen;3.709879;51.432133;38350;383800;;
Westerschelde;BORSSLVCTHVN;Borssele, van Cittershaven;3.707094;51.447594;38196;385524;;
Westerschelde;BRAAKMBMKDOW;Braakman bij Braakmankreek en DOW;3.760007;51.337536;41600;373200;;
Westerschelde;BRAAKMBVT;Braakman, bij Biervliet;3.719347;51.330667;38750;372500;;
Westerschelde;BRAAKMDWTBKS;Braakman bij drinkwaterbekkens;3.724078;51.299264;39000;369000;;
Westerschelde;BRAAKMHPLNEL;Braakman, hoek Paulina-, Elisabeth- en B;3.735389;51.343483;39900;373900;;
Westerschelde;BRAAKMHVBBSD;Braakman haven buitenzijde badstrand;3.732001;51.349819;39680;374610;;
Westerschelde;BRAAKMPLNPDH;Braakman, Paulinapolder haventje;3.725833;51.349641;39250;374600;;
Westerschelde;BRAAKMPLNPDS;Braakman, Paulinapolder schor;3.71794;51.349528;38700;374600;;
Westerschelde;BRAAKMSVJPT;Braakman, Savojaardplaat (mosselbanken);3.751141;51.344605;41000;374000;;
Westerschelde;BRESKBSD;Breskens badstrand;3.567546;51.401405;28370;380620;;
Westerschelde;BRESKBZPDR;Breskens, Buizenpolder;3.562813;51.386765;28000;379000;;
Westerschelde;BRESKHDHVN;Breskens Handelshaven;3.565973;51.397604;28250;380200;;
Westerschelde;BRESKHVLZDE;Breskens haven landzijde;3.5696;51.396762;28500;380100;;
Westerschelde;BRESKHVMD;Breskens havenmond;3.56811;51.398087;28400;380250;;
Westerschelde;BRESKHVMDN;Breskens haven midden;3.569582;51.397211;28500;380150;;
Westerschelde;BRESKJHVN;Breskens Jachthaven;3.569597;51.396834;28500;380108;;
Westerschelde;BRESKNWSHVN;Breskens, Nieuwe sluis haven;3.504477;51.407417;24000;381400;;
Westerschelde;BRESKNWSWNL;Breskens, Nieuwe sluis Westnol;3.491733;51.402715;23100;380900;;
Westerschelde;BRESKPDJBKWV;Breskens, Polder Jong Breskens 300 m wes;3.517371;51.408524;24900;381500;;
Westerschelde;BRESKS;Breskens;3.564727;51.400013;28170;380470;;
Westerschelde;BRESKVHVHVMD;Breskens Veerhaven havenmond;3.552683;51.406387;27350;381200;;
Westerschelde;BRESKVHVN;Breskens Veerhaven;3.5506;51.404556;27200;381000;;
Westerschelde;BRESKVHVWT;Breskens veerhaven west (fort Frederik H;3.543343;51.40624;26700;381200;;
Westerschelde;BROUWPT;Brouwerplaat;3.949219;51.437129;55000;384000;;
Westerschelde;CADZD;Cadzand;3.376422;51.38019;15010;378610;;
Westerschelde;CADZD02;Cadzand, punt 02;3.368844;51.391038;14516;379831;;
Westerschelde;DREMPVVKNSE;Drempel van Valkenisse;4.137894;51.376368;68000;377000;;
Westerschelde;ELLWDELWDPDC;Ellewoutsdijk, Ellewoutsdijkpolder, Coud;3.777623;51.407913;43000;381000;;
Westerschelde;ELLWDHVN;Ellewoutsdijk haven;3.818265;51.386214;45775;378525;;
Westerschelde;ELLWDHVTE;Ellewoutsdijk haventje;3.817883;51.386883;45750;378600;;
Westerschelde;ELLWDILG;Ellewoutsdijk inlaag;3.806815;51.392344;44993;379224;;
Westerschelde;ELLWDK;Ellewoutsdijk;3.81747;51.386338;45720;378540;;
Westerschelde;ELLWDKRVDN;Ellewoutsdijk, Karrevelden;3.793591;51.399815;44091;380075;;
Westerschelde;ELLWDNKRVD;Ellewoutsdijk, Nieuw Karreveld;3.788814;51.402402;43765;380370;;
Westerschelde;ELLWDSOT;Ellewoutsdijk schor oost;3.835715;51.390718;47000;379000;;
Westerschelde;ELLWDTTWG;Ellewoutsdijk, Trenteweg;3.794992;51.404555;44200;380600;;
Westerschelde;ELLWDTTWNTBW;Ellewoutsdijk, Trenteweg, natuurbouw;3.799255;51.40049;44487;380141;;
Westerschelde;ELLWDZGBNDS;Ellewoutsdijk, zuidgors binnendijks;3.835044;51.392696;46958;379221;;
Westerschelde;ELLWDZGS;Ellewoutsdijk, zuidgors;3.837912;51.389498;47150;378861;;
Westerschelde;EMMDEMKK;Emmadorp, Emmakreek;4.16276;51.326087;69637;371378;;
Westerschelde;EMMDKNGEMPDR;Emmadorp, Koningin Emmapolder;4.146541;51.322517;68500;371000;;
Westerschelde;EVRGBI2A;Everingen boei 2A;3.745881;51.405852;40787;380820;;
Westerschelde;EVRGN02;Everingen, punt 02;3.807253;51.383853;45003;378279;;
Westerschelde;EVRGN03;Everingen, punt 03;3.731195;51.407667;39770;381045;;
Westerschelde;GASDM;Gasdam;4.204893;51.347633;72612;373726;;
Westerschelde;GATVBSLE;Gat van Borssele;3.758087;51.41229;41652;381517;;
Westerschelde;GATVOSNSE02;Gat van Ossenisse, punt 02;3.921259;51.376181;52920;377260;;
Westerschelde;GEULZMMN01;Geul Zimmerman, punt 01;4.161652;51.390377;69680;378530;;
Westerschelde;GEULZMMN02;Geul Zimmerman, punt 02;4.161992;51.390038;69703;378492;;
Westerschelde;GEULZMMN03;Geul Zimmerman, punt 03;4.161403;51.389484;69661;378431;;
Westerschelde;GRAAUWSPT;Graauwse Plaat;4.166485;51.361199;69962;375279;;
Westerschelde;GRAVPDBZLSHB;s-Gravenpolder, Biezelingse Ham binnend;3.922695;51.453585;53193;385867;;
Westerschelde;GRAVPDBZLSHM;s Gravenpolder, Biezelingse ham;3.925031;51.451214;53350;385600;;
Westerschelde;GRAVPDIDTTRN;s-Gravenpolder, industrieterrein;3.894017;51.453518;51200;385900;;
Westerschelde;GRIETHVN;Griete haven;3.885946;51.349118;50400;374300;;
Westerschelde;HANSWBIOHMG;Hansweert boei OHMG;3.990907;51.440935;57906;384367;;
Westerschelde;HANSWGL;Hansweert geul;4.014389;51.437015;59530;383900;;
Westerschelde;HANSWHVN;Hansweert haven;4.007609;51.445234;59076;384823;;
Westerschelde;HANSWHVSWF;Hansweert haven scheepswerf;4.00547;51.444103;58925;384700;;
Westerschelde;HANSWOVLBI28;Hansweert overloop boei 28;3.9035;51.365617;51660;376110;;
Westerschelde;HANSWT;Hansweert;4.007197;51.446461;59050;384960;;
Westerschelde;HANSWT02;Hansweert, punt 02;3.999224;51.447958;58499;385137;;
Westerschelde;HANSWVHVHVMD;Hansweert Voorhaven havenmond;4.011;51.439673;59300;384200;;
Westerschelde;HANSWVHVN;Hansweert Voorhaven;4.01294;51.446888;59450;385000;;
Westerschelde;HELLGSR;Hellegat schor;3.955152;51.367378;55260;376234;;
Westerschelde;HOEDKKKBI4;Hoedekenskerke boei 4;3.920807;51.425986;53000;382800;;
Westerschelde;HOEDKKKE;Hoedekenskerke;3.916413;51.419547;52680;382090;;
Westerschelde;HOEDKKKTHVN;Hoedekenskerke Tramhaven;3.917911;51.426579;52800;382870;;
Westerschelde;HOEDKKKVHVN;Hoedekenskerke Veerhaven;3.915231;51.420521;52600;382200;;
Westerschelde;HOEKVBLBI29;Hoek van Baarland boei 29;3.913095;51.379855;52360;377680;;
Westerschelde;HONTE;Honte;3.701808;51.417001;37750;382130;;
Westerschelde;HONTE01;Honte, punt 01;3.622735;51.431791;32291;383905;;
Westerschelde;HONTE02;Honte, punt 02;3.696972;51.428746;37444;383444;;
Westerschelde;HONTE04;Honte, punt 04;3.711595;51.407396;38406;381046;;
Westerschelde;HONTKLT;Honte Kaloot;3.708838;51.428369;38268;383383;;
Westerschelde;HOOFDPHPNMEB;Hoofdplaat, Hoofdplaat-Nummer Een, buite;3.614288;51.382335;31570;378419;;
Westerschelde;HOOFDPHPPDIL;Hoofdplaat, Hoofdplaatpolder inlaag;3.646594;51.375458;33800;377600;;
Westerschelde;HOOFDPHPPDR;Hoofdplaat, Hoofdplaatpolder;3.641945;51.368169;33457;376797;;
Westerschelde;HOOFDPLNSBTN;Hoofdplaat-Paulinaschor buiten;3.705199;51.359011;37837;375675;;
Westerschelde;HOOFDPPKK;Hoofdplaat, Plaskreek;3.672979;51.366076;35612;376513;;
Westerschelde;HOOFDPT;Hoofdplaat;3.672443;51.375752;35600;377590;;
Westerschelde;HOOFDPT04;Hoofdplaat, punt 04;3.56323;51.409385;28092;381515;;
Westerschelde;HOOGPTN;Hooge Platen;3.634278;51.396853;33000;380000;;
Westerschelde;KAMPKNEDPDR;Kampen, Kleine Eendragtpolder;3.94375;51.35777;54445;375181;;
Westerschelde;KAPLBK;Kapellebank;3.975181;51.458125;56850;386300;;
Westerschelde;KLOOSTZDHLGP;Kloosterzande, Hellegatpolder schor;3.951457;51.366128;55000;376100;;
Westerschelde;KLOOSTZDHLGS;Kloosterzande, Hellegat schor;3.953447;51.36769;55142;376271;;
Westerschelde;KONNSR;Konijnenschor;4.131445;51.360125;67520;375201;;
Westerschelde;KRUINGPPDR;Kruiningen Perkpolder (drempel);4.028847;51.420102;60500;382000;;
Westerschelde;KRUINGVHVHVM;Kruiningen Veerhaven havenmond;4.031347;51.432718;60700;383400;;
Westerschelde;KRUINGVHVN;Kruiningen Veerhaven;4.031973;51.435872;60750;383750;;
Westerschelde;LAGSGR;Lage Springer;3.721754;51.36307;39000;376100;;
Westerschelde;LAMSWDBI59;Lamswaarde boei 59;4.062862;51.372842;62770;376700;;
Westerschelde;LANDVSTGMDN;Land van Saeftinge midden;4.167098;51.358697;70000;375000;;
Westerschelde;LANDVSTGND;Land van Saeftinge noord;4.166617;51.376673;70000;377000;;
Westerschelde;LANDVSTGOT;Land van Saeftinge oost;4.210167;51.35914;73000;375000;;
Westerschelde;LANDVSTGWT;Land van Saeftinge west;4.138386;51.358392;68000;375000;;
Westerschelde;LANDVSTGZD;Land van Saeftinge zuid;4.167578;51.340721;70000;373000;;
Westerschelde;MIDDGBHDKKKE;Middelgat bij Hoedekenskerke;3.923524;51.428717;53195;383100;;
Westerschelde;MIDDPND;Middelplaat noord;3.798356;51.374031;44360;377200;;
Westerschelde;MIDDPSVK;Middelplaat stortvak;3.791536;51.359551;43850;375600;;
Westerschelde;MIDDPT;Middelplaat;3.800585;51.367767;44500;376500;;
Westerschelde;NIEUWDSKND;Nieuwdorp, Sloekreek noord;3.722446;51.482647;39352;389398;;
Westerschelde;NIEUWDSKZD;Nieuwdorp, Sloekreek zuid;3.718195;51.47293;39032;388324;;
Westerschelde;NIEUWDWHHVN;Nieuwdorp, Westhofhaven;3.724089;51.456614;39400;386500;;
Westerschelde;NIEUWESJLGTG;Nieuw- en Sint Joostland, Groote Gat;3.66902;51.465481;35597;387575;;
Westerschelde;NIEUWVBOBSD;Nieuwvliet-bad oost badstrand;3.454704;51.394463;20500;380050;;
Westerschelde;NIEUWVBZTPDN;Nieuwvliet Bad, Zwarte polder noordzijde;3.428966;51.391336;18700;379750;;
Westerschelde;NIEUWVBZTPDR;Nieuwvliet Bad, Zwarte polder;3.440667;51.386587;19500;379200;;
Westerschelde;NUMMEN;Nummer Een;3.598718;51.387321;30500;379000;;
Westerschelde;OOSTGT02;Oostgat, punt 02;3.417029;51.544493;18330;396805;;
Westerschelde;OSSDHVTSR;Ossendrecht haventje schor;4.27281;51.381333;77400;377400;;
Westerschelde;OSSNSE01;Ossenisse, punt 01;4.00192;51.41609;58619;381589;;
Westerschelde;OSSNSNPDSR;Ossenisse, Nijspolder schor;3.971906;51.401443;56500;380000;;
Westerschelde;OUDLDEVRGPDR;Oudelande, Everingepolder;3.857111;51.395497;48500;379500;;
Westerschelde;OVLVHWT;Overloop van Hansweert;3.965171;51.406297;56042;380549;;
Westerschelde;PAALHVN;Paal haven;4.110146;51.35404;66025;374550;;
Westerschelde;PAALSR;Paal schor;4.116279;51.349342;66443;374020;;
Westerschelde;PAALWSR;Paal west schor;4.095318;51.357923;65000;375000;;
Westerschelde;PASVBLD;Pas van Baarland;3.914722;51.391743;52500;379000;;
Westerschelde;PASVRLBI81A;Pas van Rilland boei 81A;4.212107;51.381411;73175;377475;;
Westerschelde;PASVRLD;Pas van Rilland;4.215125;51.389758;73400;378400;;
Westerschelde;PASVTNZBI10;Pas van Terneuzen boei 10;3.737812;51.375752;40150;377485;;
Westerschelde;PASVTNZBI18;Pas van Terneuzen, nabij boei 18;3.808874;51.35237;45040;374775;;
Westerschelde;PASVTNZN;Pas van Terneuzen;3.77561;51.367244;42760;376480;;
Westerschelde;PASVTNZN01;Pas van Terneuzen, punt 01;3.788739;51.357805;43651;375410;;
Westerschelde;PASVTNZN03;Pas van Terneuzen, punt 03;3.77969;51.353364;43010;374930;;
Westerschelde;PASVTNZN04;Pas van Terneuzen, punt 04;3.771794;51.3533;42460;374935;;
Westerschelde;PASVTNZN05;Pas van Terneuzen, punt 05;3.730267;51.371868;39615;377065;;
Westerschelde;PAULNPDR;Paulinapolder;3.722147;51.352286;39000;374900;;
Westerschelde;PERKPDBSD;Perkpolder badstrand;4.016577;51.402516;59610;380060;;
Westerschelde;PERKPDVHVHVM;Perkpolder Veerhaven havenmond;4.021466;51.402484;59950;380050;;
Westerschelde;PERKPDVHVN;Perkpolder Veerhaven;4.019378;51.400212;59800;379800;;
Westerschelde;PERKPDWODN;Perkpolder Walsoorden;4.017667;51.399742;59680;379750;;
Westerschelde;PLAATVBLD;Plaat van Baarland;3.871687;51.389393;49500;378800;;
Westerschelde;PLAATVBLD02;Plaat van Baarland, punt 02;3.869134;51.37929;49299;377680;;
Westerschelde;PLATVHT;Platen van Hulst;3.951202;51.374217;55000;377000;;
Westerschelde;RILLVKNSKK;Rilland, Vinkenissekreek;4.152907;51.418794;69125;381701;;
Westerschelde;RITTFRMKBSD;Ritthem Fort Rammekens badstrand;3.656732;51.452846;34710;386190;;
Westerschelde;RITTRMKHK;Ritthem, Rammekenshoek;3.641549;51.45324;33656;386259;;
Westerschelde;RITTRMKHSD;Ritthem, Rammekenshoek strand;3.646671;51.44874;34000;385750;;
Westerschelde;RITTRMKHSR;Ritthem, Rammekenshoek schor;3.657982;51.457082;34808;386659;;
Westerschelde;RITTSDPT;Ritthem, Scheldepoort (opspuiting);3.66903;51.466758;35601;387717;;
Westerschelde;RITTSHVCT;Ritthem, strand hoovercraft;3.684982;51.463243;36700;387300;;
Westerschelde;RITTSKM;Ritthem, spuikom;3.62115;51.443375;32212;385196;;
Westerschelde;RITTSR;Ritthem schor;3.659257;51.458369;34900;386800;;
Westerschelde;RUGVBLD;Rug van Baarland;3.946156;51.397531;54700;379600;;
Westerschelde;SAEFTGBI76;Saeftinge boei 76;4.218198;51.367987;73575;375975;;
Westerschelde;SARDGL;Sardijngeul;3.546057;51.445847;27000;385600;;
Westerschelde;SARDGL01;Sardijngeul, punt 01;3.560569;51.442784;28000;385234;;
Westerschelde;SARDGL02;Sardijngeul, punt 02;3.558819;51.443727;27881;385342;;
Westerschelde;SCHAARSKPT04;Schaar van Spijkerplaat, punt 04;3.566255;51.41213;28310;381815;;
Westerschelde;SCHAARSKPVSG;Schaar van Spijkerplaat bij Vlissingen;3.631218;51.430795;32878;383780;;
Westerschelde;SCHAARVDNBBH;Schaar van de Noord bij Bath;4.175944;51.387892;70670;378237;;
Westerschelde;SCHAARVDND;Schaar van de Noord;4.165254;51.378762;69909;377234;;
Westerschelde;SCHAARVVKNSE;Schaar van Valkenisse;4.079984;51.391916;64000;378800;;
Westerschelde;SCHAARVWDBIS;Schaar van Waarde boei SVW3;4.039058;51.415186;61200;381440;;
Westerschelde;SCHAARVWDE04;Schaar van Waarde, punt 04;4.045513;51.41081;61640;380945;;
Westerschelde;SCHAARVWDE05;Schaar van Waarde, punt 05;4.052721;51.41457;62149;381354;;
Westerschelde;SCHEURWT;Scheur west;3.269961;51.410155;7698;382152;;
Westerschelde;SCHORVBHK;Schor van Baalhoek;4.066295;51.368386;63000;376200;;
Westerschelde;SELNPDR;Selenapolder;4.20335;51.345135;72500;373450;;
Westerschelde;SLIKKVEVRGN;Slikken van Everingen;3.835868;51.386225;47000;378500;;
Westerschelde;SLUISSHPS;Sluissche Hompels;3.438824;51.429717;19500;384000;;
Westerschelde;SPEELMGT;Speelmansgat;4.109624;51.359879;66000;375200;;
Westerschelde;SPIJKPT04;Spijkerplaat, punt 04;3.562787;51.411851;28068;381790;;
Westerschelde;SPUISBH;Spuisluis Bath;4.232296;51.392627;74600;378700;;
Westerschelde;TERNZBI20;Terneuzen boei 20;3.8257;51.347427;46200;374200;;
Westerschelde;TERNZBIWPT2;Terneuzen boei WPT2;3.825578;51.350572;46199;374550;;
Westerschelde;TERNZBMHVHVM;Terneuzen Braakmanhaven havenmond;3.775999;51.352144;42750;374800;;
Westerschelde;TERNZBMHVN;Terneuzen Braakmanhaven;3.764104;51.343438;41900;373850;;
Westerschelde;TERNZMGRTPDR;Terneuzen, Margarethapolder (zeedijk);3.868221;51.336373;49136;372908;;
Westerschelde;TERNZMGRTPDS;Terneuzen, Margarethapolderse kreek;3.875127;51.340661;49627;373375;;
Westerschelde;TERNZN;Terneuzen;3.820024;51.337101;45780;373060;;
Westerschelde;TERNZNNZPDR1;Terneuzen, Nieuw Neuzenpolder I (DOW);3.748971;51.343873;40847;373922;;
Westerschelde;TERNZNNZPDR2;Terneuzen, Nieuw Neuzenpolder II (DOW);3.743509;51.344425;40468;373992;;
Westerschelde;TERNZOBTHVN;Terneuzen Oostbuitenhaven;3.819458;51.341049;45750;373500;;
Westerschelde;TERNZSCPX;Terneuzen, sluiscomplex;3.815548;51.33779;45470;373143;;
Westerschelde;TERNZSDSGDW;Terneuzen, scheldesteiger bij DOW;3.788685;51.3513;43631;374687;;
Westerschelde;TERNZSKM;Terneuzen, spuikom;3.813028;51.326423;45267;371883;;
Westerschelde;TERNZVHVN;Terneuzen Veerhaven;3.827319;51.342054;46300;373600;;
Westerschelde;TERNZVSHVOTL;Terneuzen vissershaven oosterlijke pier;3.83022;51.341193;46500;373500;;
Westerschelde;TERNZWBTHVN;Terneuzen Westbuitenhaven;3.811581;51.340493;45200;373450;;
Westerschelde;TERNZWBTHVNV;Terneuzen Westbuitenhaven VVM;3.808064;51.338422;44950;373225;;
Westerschelde;TERNZWSLKOVR;Terneuzen, Westsluis linker oever;3.816422;51.328676;45509;372128;;
Westerschelde;TERNZWSS;Terneuzen, Westsluis;3.81555;51.337787;45470;373143;;
Westerschelde;TERNZZPT;Terneuzen, zandplaat;3.746943;51.350363;40722;374647;;
Westerschelde;VAARWTBVBH01;Vaarwater boven Bath, punt 01;4.223386;51.367274;73935;375890;;
Westerschelde;VAARWTBVBH02;Vaarwater boven Bath, punt 02;4.225604;51.358;74073;374856;;
Westerschelde;VAARWTBVBH03;Vaarwater boven Bath, punt 03;4.222906;51.367539;73902;375920;;
Westerschelde;VAARWTBVBH04;Vaarwater boven Bath, punt 04;4.231425;51.361223;74484;375208;;
Westerschelde;VAARWTBVBH05;Vaarwater boven Bath, punt 05;4.232663;51.362224;74572;375318;;
Westerschelde;VAARWTBVBH06;Vaarwater boven Bath, punt 06;4.234243;51.362779;74683;375378;;
Westerschelde;VAARWTBVBH08;Vaarwater boven Bath, punt 08;4.238262;51.363466;74964;375450;;
Westerschelde;VAARWTBVBH09;Vaarwater boven Bath, punt 09;4.241372;51.363713;75181;375474;;
Westerschelde;VAARWTBVBH4A;Vaarwater boven Bath, punt 4A;4.232581;51.360938;74564;375175;;
Westerschelde;VAARWTLHPT;Vaarwater langs Hoofdplaat;3.672867;51.37835;35636;377878;;
Westerschelde;VAARWTLHPT04;Vaarwater langs Hoofdplaat, punt 04;3.672986;51.375445;35637;377555;;
Westerschelde;VALKNSBI65;Valkenisse boei 65;4.115047;51.371401;66400;376475;;
Westerschelde;VLISSGBISSVH;Vlissingen boei SSVH;3.565793;51.412887;28280;381900;;
Westerschelde;VLISSGBLVHVN;Vlissingen Bijleveldhaven;3.706867;51.474799;38250;388550;;
Westerschelde;VLISSGBTHVHV;Vlissingen Buitenhaven havenmond;3.60379;51.441349;31000;385000;;
Westerschelde;VLISSGBTHVN;Vlissingen Buitenhaven;3.599247;51.447124;30700;385650;;
Westerschelde;VLISSGKEHVN;Vlissingen Kraayerthaven;3.709771;51.45461;38400;386300;;
Westerschelde;VLISSGKLHVN;Vlissingen Kaloothaven;3.706473;51.446471;38150;385400;;
Westerschelde;VLISSGKMHVN;Vlissingen Koopmanshaven;3.576506;51.440029;29100;384900;;
Westerschelde;VLISSGN;Vlissingen;3.596235;51.443211;30480;385220;;
Westerschelde;VLISSGNLBSD;Vlissingen Nolle badstrand;3.550017;51.451124;27290;386180;;
Westerschelde;VLISSGNLDK;Vlissingen Nolledijk;3.553066;51.450453;27500;386100;;
Westerschelde;VLISSGNLHVN;Vlissingen Nieuwlandhaven;3.667769;51.461641;35500;387150;;
Westerschelde;VLISSGORJMLN;Vlissingen Oranjemolen;3.580784;51.440995;29400;385000;;
Westerschelde;VLISSGPSLA;Vlissingen Port Scalia;3.719815;51.455429;39100;386375;;
Westerschelde;VLISSGQLHVN;Vlissingen Quarleshaven;3.700038;51.46481;37750;387450;;
Westerschelde;VLISSGRDE;Vlissingen rede;3.588328;51.43212;29900;384000;;
Westerschelde;VLISSGREHD;Vlissingen Roeiershoofd;3.574979;51.442253;29000;385150;;
Westerschelde;VLISSGSDPWF;Vlissingen Scheldepoort werf;3.675698;51.461308;36050;387100;;
Westerschelde;VLISSGSHVHVM;Vlissingen Sloehaven havenmond;3.671171;51.447755;35700;385600;;
Westerschelde;VLISSGSHVN;Vlissingen Sloehaven;3.675266;51.453659;36000;386250;;
Westerschelde;VLISSGSHVSR;Vlissingen Sloehaven schor;3.667939;51.457148;35500;386650;;
Westerschelde;VLISSGUWBI1;Vlissingen uitwijk boei 1;3.63998;51.435603;33500;384300;;
Westerschelde;VLISSGVCTHVN;Vlissingen Van Cittershaven;3.708432;51.451894;38300;386000;;
Westerschelde;VLISSGVHVN;Vlissingen Voorhaven;3.575032;51.440905;29000;385000;;
Westerschelde;VLISSGVSHVN;Vlissingen Vissershaven;3.576434;51.441826;29100;385100;;
Westerschelde;VLISSGWHHVN;Vlissingen Westhofhaven;3.717709;51.473606;39000;388400;;
Westerschelde;WAARDE;Waarde;4.066407;51.41415;63100;381290;;
Westerschelde;WAARDEMNEPDR;Waarde, Emanuelpolder;4.112231;51.40843;66276;380597;;
Westerschelde;WAARDHVTE;Waarde haventje;4.067854;51.413807;63200;381250;;
Westerschelde;WAARDSR;Waarde, schor;4.099829;51.406217;65409;380366;;
Westerschelde;WALSODALSGR;Walsoorden aanlegsteiger;4.034173;51.385999;60800;378200;;
Westerschelde;WALSODHVN;Walsoorden haven;4.03428;51.382404;60800;377800;;
Westerschelde;WALSODN;Walsoorden;4.026447;51.399323;60290;379692;;
Westerschelde;WALSODPPDR;Walsoorden, Perkpolder;4.022198;51.402043;60000;380000;;
Westerschelde;WESTKPLE;Westkapelle;3.440186;51.522357;19870;394300;;
Westerschelde;WESTKPLERBSD;Westkapelle Erika badstrand;3.438058;51.524929;19730;394590;;
Westerschelde;WESTSDSVK01;Westerschelde stortvak 01;4.037099;51.384235;61000;378000;;
Westerschelde;WESTSDSVK02;Westerschelde stortvak 02;4.04671;51.423905;61750;382400;;
Westerschelde;WESTSDSVK03;Westerschelde stortvak 03;3.992002;51.449337;58000;385300;;
Westerschelde;WESTSDSVK04;Westerschelde stortvak 04;3.924903;51.432781;53300;383550;;
Westerschelde;WESTSDSVK05;Westerschelde stortvak 05;3.909199;51.406958;52150;380700;;
Westerschelde;WESTSDSVK06;Westerschelde stortvak 06;3.885169;51.350906;50350;374500;;
Westerschelde;WESTSDSVK07;Westerschelde stortvak 07;3.828214;51.37893;46450;377700;;
Westerschelde;WESTSDSVK08;Westerschelde stortvak 08;3.81837;51.351824;45700;374700;;
Westerschelde;WESTSDSVK09;Westerschelde stortvak 09;3.761338;51.400943;41850;380250;;
Westerschelde;WESTSDSVK10;Westerschelde stortvak 10;3.710319;51.361557;38200;375950;;
Westerschelde;WESTSDSVK11;Westerschelde stortvak 11;3.706455;51.388476;38000;378950;;
Westerschelde;WESTSDSVK12;Westerschelde stortvak 12;3.70874;51.424025;38250;382900;;
Westerschelde;WESTSDSVK13;Westerschelde stortvak 13;3.711416;51.429458;38450;383500;;
Westerschelde;WESTSDSVK14;Westerschelde stortvak 14;3.680222;51.436648;36300;384350;;
Westerschelde;WESTSDSVK16;Westerschelde stortvak 16;3.613908;51.440154;31700;384850;;
Westerschelde;WESTSDSVK17;Westerschelde stortvak 17;3.585169;51.439264;29700;384800;;
Westerschelde;WESTSDSVK18;Westerschelde stortvak 18;3.567879;51.439895;28500;384900;;
Westerschelde;WESTSDSVK19;Westerschelde stortvak 19;3.585579;51.392514;29600;379600;;
Westerschelde;WESTSDSVK20;Westerschelde stortvak 20;3.570678;51.40577;28600;381100;;
Westerschelde;WESTSDSVK21;Westerschelde stortvak 21;3.576104;51.413947;29000;382000;;
Westerschelde;WESTSDSVK22;Westerschelde stortvak 22;3.552357;51.414475;27350;382100;;
Westerschelde;WESTSDSVK23;Westerschelde stortvak 23;3.663424;51.439548;35140;384700;;
Westerschelde;WESTSDSVKB01;Westerschelde stortvak Belgie 01;4.228146;51.386292;74300;378000;;
Westerschelde;WESTSDSVKB02;Westerschelde stortvak Belgie 02;4.161107;51.394596;69650;379000;;
Westerschelde;WESTSDSVKB03;Westerschelde stortvak Belgie 03;4.116476;51.371641;66500;376500;;
Westerschelde;WESTSDSVKB04;Westerschelde stortvak Belgie 04;4.122909;51.398684;67000;379500;;
Westerschelde;WESTSDSVKB05;Westerschelde stortvak Belgie 05;4.042619;51.391941;61400;378850;;
Westerschelde;WESTSDSVKB06;Westerschelde stortvak Belgie 06;4.050712;51.410015;62000;380850;;
Westerschelde;WESTSDSVKB07;Westerschelde stortvak Belgie 07;4.062171;51.411495;62800;381000;;
Westerschelde;WESTSDSVKB08;Westerschelde stortvak Belgie 08;4.073889;51.403985;63600;380150;;
Westerschelde;WESTSDSVKB09;Westerschelde stortvak Belgie 09;4.014472;51.419934;59500;382000;;
Westerschelde;WESTSDSVKB10;Westerschelde stortvak Belgie 10;3.966956;51.444989;56250;384850;;
Westerschelde;WESTSDSVKB11;Westerschelde stortvak Belgie 11;3.946767;51.378208;54700;377450;;
Westerschelde;WESTSDSVKB12;Westerschelde stortvak Belgie 12;3.91589;51.377822;52550;377450;;
Westerschelde;WESTSDSVKB13;Westerschelde stortvak Belgie 13;3.903303;51.389351;51700;378750;;
Westerschelde;WESTSDSVKB14;Westerschelde stortvak Belgie 14;3.747996;51.392215;40900;379300;;
Westerschelde;WESTSDSVKB15;Westerschelde stortvak Belgie 15;3.680895;51.418675;36300;382350;;
Westerschelde;WESTSDSVKB16;Westerschelde stortvak Belgie 16;3.426406;51.400735;18550;380800;;
Westerschelde;WESTSDSVKB17;Westerschelde stortvak Belgie 17;3.335859;51.416261;12300;382700;;
Westerschelde;WESTSDSVKB19;Westerschelde stortvak Belgie 19;3.934553;51.445938;54000;385000;;
Westerschelde;WESTSDSVKB21;Westerschelde stortvak Belgie 21;3.635425;51.441828;33200;385000;;
Westerschelde;WESTSDSVKB22;Westerschelde stortvak Belgie 22;3.40457;51.390474;17000;379700;;
Westerschelde;WESTSDSVKB23;Westerschelde stortvak Belgie 23;3.605899;51.387431;31000;379000;;
Westerschelde;WESTSDTNL;Westerscheldetunnel;3.798993;51.372241;44400;377000;;
Westerschelde;WIELGBIW3;Wielingen boei W3;3.358349;51.40046;13815;380899;;
Westerschelde;WIELGN;Wielingen;3.358435;51.410802;13853;382049;;
Westerschelde;WIELGN01;Wielingen, punt 01;3.362387;51.375901;14020;378160;;
Westerschelde;WIELGN02;Wielingen, punt 02;3.411154;51.397734;17480;380495;;
Westerschelde;WIELGN03;Wielingen, punt 03;3.526404;51.41267;25540;381945;;
Westerschelde;WIELGN05;Wielingen, punt 05;3.358438;51.382306;13765;378880;;
Westerschelde;WIELGN07;Wielingen, punt 07;3.349162;51.396936;13165;380525;;
Westerschelde;WIELGN08;Wielingen, punt 08;3.308632;51.363668;10240;376905;;
Westerschelde;WIELGN09;Wielingen, punt 09;3.304605;51.370071;9980;377625;;
Westerschelde;WIELGN11;Wielingen, punt 11;3.292132;51.389855;9175;379850;;
Westerschelde;WIELGN12;Wielingen, punt 12;3.270975;51.354852;7590;376000;;
Westerschelde;WIELGN13;Wielingen, punt 13;3.26702;51.361165;7335;376710;;
Westerschelde;WIELGND;Wielingen noord;3.415517;51.433411;17891;384454;;
Westerschelde;WIELGOT;Wielingen oost;3.503883;51.421794;24000;383000;;
Westerschelde;WOENSDHVTSR;Woensdrecht haventje schor;4.252186;51.401812;76000;379700;;
Westerschelde;ZIMMMPDSR;Zimmermanpolder schor;4.165992;51.400042;70000;379600;;
Westerschelde;ZIMMMPDZWT;Zimmermanpolder zuidwest;4.124296;51.400497;67100;379700;;
Westerschelde;ZOUTLDDHBSD;Zoutelande Dishoek badstrand;3.51631;51.472888;25010;388660;;
Westerschelde;ZOUTLDDHSD;Zoutelande en Dishoek strand;3.516078;51.475042;25000;388900;;
Westerschelde;ZOUTLDSHJBSD;Zoutelande Smidshoekje badstrand;3.48235;51.499943;22730;391730;;
Westerschelde;ZUIDGBI44;Zuidergat boei 44;4.034073;51.4136;60850;381270;;
Westerschelde;ZUIDGBI49;Zuidergat boei 49;4.01014;51.432425;59225;383395;;
Westerschelde;ZUIDGBI59A;Zuidergat boei 59A;4.055092;51.373293;62230;376760;;
Westerschelde;ZUIDGT01;Zuidergat, punt 01;4.01984;51.435101;59905;383680;;
Westerschelde;ZUIDGT02;Zuidergat, punt 02;4.011918;51.430693;59345;383200;;
Westerschelde;ZUIDGT03;Zuidergat, punt 03;4.014871;51.430548;59550;383180;;
Westerschelde;ZUIDGT04;Zuidergat, punt 04;4.034908;51.404825;60890;380293;;
Westerschelde;ZUIDGT05;Zuidergat, punt 05;4.052804;51.41467;62155;381365;;
Westerschelde;ZUIDGT06;Zuidergat, punt 06;4.035656;51.405293;60943;380344;;
Westerschelde;ZUIDGT07;Zuidergat, punt 07;4.014137;51.426268;59490;382705;;
Westerschelde;ZUIDGT08;Zuidergat, punt 08;4.040425;51.407856;61280;380623;;
Westerschelde;ZUIDGT5050;Zuidergat, punt 5050;4.013455;51.429812;59450;383100;;
Westerschelde;ZUIDKIJT;Zuidkraaijert;3.71643;51.465316;38890;387480;;
Westerschelde;ZWIN;Het Zwin;3.373097;51.362733;14725;376675;;
;;;;;;;Upstream_Eems;Papenburg
